{
  "version": "5.4.1",
  "flags": {},
  "shapes": [
    {
      "label": "field",
      "points": [
        [
          0.43877551020408845,
          56.275510204081634
        ],
        [
          41.867346938775505,
          57.49999999999999
        ],
        [
          36.1530612244898,
          153.8265306122449
        ],
        [
          7.105427357601002e-15,
          153.98649990969838
        ]
      ],
      "group_id": null,
      "description": "",
      "shape_type": "polygon",
      "flags": {},
      "mask": null
    },
    {
      "label": "field",
      "points": [
        [
          0.6428571428571459,
          51.58163265306123
        ],
        [
          23.500000000000007,
          53.010204081632644
        ],
        [
          26.93959339460975,
          0.0
        ],
        [
          0.0,
          0.0
        ]
      ],
      "group_id": null,
      "description": "",
      "shape_type": "polygon",
      "flags": {},
      "mask": null
    },
    {
      "label": "field",
      "points": [
        [
          159.21428571428572,
          64.64285714285714
        ],
        [
          186.76530612244898,
          66.07142857142856
        ],
        [
          181.92520127316982,
          154.0
        ],
        [
          154.31632653061226,
          154.0
        ]
      ],
      "group_id": null,
      "description": "",
      "shape_type": "polygon",
      "flags": {},
      "mask": null
    },
    {
      "label": "field",
      "points": [
        [
          189.62244897959184,
          66.68367346938774
        ],
        [
          206.0,
          66.68367346938774
        ],
        [
          206.0,
          154.0
        ],
        [
          184.1122448979592,
          154.0
        ]
      ],
      "group_id": null,
      "description": "",
      "shape_type": "polygon",
      "flags": {},
      "mask": null
    }
  ],
  "imagePath": "02.jpg",
  "imageData": null,
  "imageHeight": 155,
  "imageWidth": 207
}