<?xml version="1.0" encoding="UTF-8"?>
<metadata xml:lang="zh"><Esri><CreaDate>20240122</CreaDate><CreaTime>13341800</CreaTime><ArcGISFormat>1.0</ArcGISFormat><SyncOnce>FALSE</SyncOnce><DataProperties><itemProps><itemName Sync="TRUE">1075.jpg</itemName><itemLocation><linkage Sync="TRUE">file://C:\Users\USER\Desktop\雲林\建物\1075.jpg</linkage><protocol Sync="TRUE">Local Area Network</protocol></itemLocation><imsContentType Sync="TRUE">002</imsContentType><nativeExtBox><westBL Sync="TRUE">206272.740463</westBL><eastBL Sync="TRUE">206317.090463</eastBL><southBL Sync="TRUE">2630500.674159</southBL><northBL Sync="TRUE">2630539.524159</northBL><exTypeCode Sync="TRUE">1</exTypeCode></nativeExtBox></itemProps><coordRef><type Sync="TRUE">Projected</type><geogcsn Sync="TRUE">GCS_D_TWD_1997</geogcsn><csUnits Sync="TRUE">Linear Unit: Meter (1.000000)</csUnits><projcsn Sync="TRUE">D_TWD_1997_Transverse_Mercator</projcsn><peXml Sync="TRUE">&lt;ProjectedCoordinateSystem xsi:type='typens:ProjectedCoordinateSystem' xmlns:xsi='http://www.w3.org/2001/XMLSchema-instance' xmlns:xs='http://www.w3.org/2001/XMLSchema' xmlns:typens='http://www.esri.com/schemas/ArcGIS/10.7'&gt;&lt;WKT&gt;PROJCS[&amp;quot;D_TWD_1997_Transverse_Mercator&amp;quot;,GEOGCS[&amp;quot;GCS_D_TWD_1997&amp;quot;,DATUM[&amp;quot;D_unknown&amp;quot;,SPHEROID[&amp;quot;Unknown&amp;quot;,6378137.0,298.257222101]],PRIMEM[&amp;quot;Greenwich&amp;quot;,0.0],UNIT[&amp;quot;Degree&amp;quot;,0.0174532925199433]],PROJECTION[&amp;quot;Transverse_Mercator&amp;quot;],PARAMETER[&amp;quot;false_easting&amp;quot;,250000.0],PARAMETER[&amp;quot;false_northing&amp;quot;,0.0],PARAMETER[&amp;quot;central_meridian&amp;quot;,121.0],PARAMETER[&amp;quot;scale_factor&amp;quot;,0.9999],PARAMETER[&amp;quot;latitude_of_origin&amp;quot;,0.0],UNIT[&amp;quot;Meter&amp;quot;,1.0]]&lt;/WKT&gt;&lt;XOrigin&gt;-5372600&lt;/XOrigin&gt;&lt;YOrigin&gt;-10001100&lt;/YOrigin&gt;&lt;XYScale&gt;450310428.58990461&lt;/XYScale&gt;&lt;ZOrigin&gt;-100000&lt;/ZOrigin&gt;&lt;ZScale&gt;10000&lt;/ZScale&gt;&lt;MOrigin&gt;-100000&lt;/MOrigin&gt;&lt;MScale&gt;10000&lt;/MScale&gt;&lt;XYTolerance&gt;0.001&lt;/XYTolerance&gt;&lt;ZTolerance&gt;0.001&lt;/ZTolerance&gt;&lt;MTolerance&gt;0.001&lt;/MTolerance&gt;&lt;HighPrecision&gt;true&lt;/HighPrecision&gt;&lt;/ProjectedCoordinateSystem&gt;</peXml></coordRef><RasterProperties><General><PixelDepth Sync="TRUE">8</PixelDepth><HasColormap Sync="TRUE">FALSE</HasColormap><CompressionType Sync="TRUE">JPEG</CompressionType><NumBands Sync="TRUE">3</NumBands><Format Sync="TRUE">JFIF</Format><HasPyramids Sync="TRUE">TRUE</HasPyramids><SourceType Sync="TRUE">continuous</SourceType><PixelType Sync="TRUE">unsigned integer</PixelType><NoDataValue Sync="TRUE">0</NoDataValue></General></RasterProperties><lineage><Process Name="Clip" ToolSource="c:\program files (x86)\arcgis\desktop10.8\ArcToolbox\Toolboxes\Data Management Tools.tbx\Clip" Date="20240122" Time="133418">Clip 雲林1-1.jpg "206018.177945998 2629765.51251029 206696.865376232 2630541.47589613" C:\Users\USER\Desktop\雲林\建物\1075.jpg I_Yunlin_1_IDD 0 ClippingGeometry NO_MAINTAIN_EXTENT</Process></lineage></DataProperties><SyncDate>20240122</SyncDate><SyncTime>13341800</SyncTime><ModDate>20240122</ModDate><ModTime>13341800</ModTime></Esri><dataIdInfo><envirDesc Sync="TRUE"> Version 6.2 (Build 9200) ; Esri ArcGIS 10.8.0.12790</envirDesc><dataLang><languageCode value="zho" Sync="TRUE"></languageCode><countryCode value="TWN" Sync="TRUE"></countryCode></dataLang><idCitation><resTitle Sync="TRUE">1075.jpg</resTitle><presForm><PresFormCd value="005" Sync="TRUE"></PresFormCd></presForm></idCitation><spatRpType><SpatRepTypCd value="002" Sync="TRUE"></SpatRepTypCd></spatRpType><dataExt><geoEle><GeoBndBox esriExtentType="search"><exTypeCode Sync="TRUE">1</exTypeCode><westBL Sync="TRUE">120.570947</westBL><eastBL Sync="TRUE">120.571383</eastBL><northBL Sync="TRUE">23.778325</northBL><southBL Sync="TRUE">23.777973</southBL></GeoBndBox></geoEle></dataExt></dataIdInfo><mdLang><languageCode value="zho" Sync="TRUE"></languageCode><countryCode value="TWN" Sync="TRUE"></countryCode></mdLang><mdChar><CharSetCd value="004" Sync="TRUE"></CharSetCd></mdChar><distInfo><distFormat><formatName Sync="TRUE">Raster Dataset</formatName></distFormat></distInfo><mdHrLv><ScopeCd value="005" Sync="TRUE"></ScopeCd></mdHrLv><mdHrLvName Sync="TRUE">dataset</mdHrLvName><refSysInfo><RefSystem><refSysID><identCode code="0" Sync="TRUE"></identCode></refSysID></RefSystem></refSysInfo><spatRepInfo><Georect><cellGeo><CellGeoCd Sync="TRUE" value="002"></CellGeoCd></cellGeo><numDims Sync="TRUE">2</numDims><tranParaAv Sync="TRUE">1</tranParaAv><chkPtAv Sync="TRUE">0</chkPtAv><cornerPts><pos Sync="TRUE">206272.740463 2630500.674159</pos></cornerPts><cornerPts><pos Sync="TRUE">206272.740463 2630539.524159</pos></cornerPts><cornerPts><pos Sync="TRUE">206317.090463 2630539.524159</pos></cornerPts><cornerPts><pos Sync="TRUE">206317.090463 2630500.674159</pos></cornerPts><centerPt><pos Sync="TRUE">206294.915463 2630520.099159</pos></centerPt><axisDimension type="002"><dimSize Sync="TRUE">887</dimSize><dimResol><value Sync="TRUE" uom="m">0.050000</value></dimResol></axisDimension><axisDimension type="001"><dimSize Sync="TRUE">777</dimSize><dimResol><value Sync="TRUE" uom="m">0.050000</value></dimResol></axisDimension><ptInPixel><PixOrientCd Sync="TRUE" value="001"></PixOrientCd></ptInPixel></Georect></spatRepInfo><contInfo><ImgDesc><contentTyp><ContentTypCd Sync="TRUE" value="001"></ContentTypCd></contentTyp><covDim><Band><dimDescrp Sync="TRUE">Band_1</dimDescrp><bitsPerVal Sync="TRUE">8</bitsPerVal><valUnit><UOM type="length"></UOM></valUnit></Band><Band><dimDescrp Sync="TRUE">Band_2</dimDescrp><bitsPerVal Sync="TRUE">8</bitsPerVal><valUnit><UOM type="length"></UOM></valUnit></Band><Band><dimDescrp Sync="TRUE">Band_3</dimDescrp><bitsPerVal Sync="TRUE">8</bitsPerVal><valUnit><UOM type="length"></UOM></valUnit></Band></covDim></ImgDesc></contInfo><mdDateSt Sync="TRUE">20240122</mdDateSt></metadata>
