<PAMDataset>
  <SRS>PROJCS["D_TWD_1997_Transverse_Mercator",GEOGCS["GCS_D_TWD_1997",DATUM["unknown",SPHEROID["Unknown",6378137.0,298.257222101]],PRIMEM["Greenwich",0.0,AUTHORITY["EPSG","8901"]],UNIT["Degree",0.0174532925199433,AUTHORITY["EPSG","9102"]]],PROJECTION["Transverse_Mercator",AUTHORITY["Esri","43006"]],PARAMETER["false_easting",250000.0,AUTHORITY["Esri","100001"]],PARAMETER["false_northing",0.0,AUTHORITY["Esri","100002"]],PARAMETER["central_meridian",121.0,AUTHORITY["Esri","100010"]],PARAMETER["scale_factor",0.9999,AUTHORITY["Esri","100003"]],PARAMETER["latitude_of_origin",0.0,AUTHORITY["Esri","100021"]],UNIT["Meter",1.0,AUTHORITY["EPSG","9001"]]]</SRS>
  <Metadata domain="IMAGE_STRUCTURE">
    <MDI key="COMPRESSION">JPEG</MDI>
    <MDI key="INTERLEAVE">PIXEL</MDI>
    <MDI key="SOURCE_COLOR_SPACE">YCbCr</MDI>
  </Metadata>
  <Metadata>
    <MDI key="DataType">Generic</MDI>
  </Metadata>
  <Metadata domain="Esri">
    <MDI key="PyramidResamplingType">NEAREST</MDI>
  </Metadata>
  <PAMRasterBand band="1">
    <NoDataValue>0.00000000000000E+00</NoDataValue>
    <Histograms>
      <HistItem>
        <HistMin>-0.5</HistMin>
        <HistMax>255.5</HistMax>
        <BucketCount>256</BucketCount>
        <IncludeOutOfRange>1</IncludeOutOfRange>
        <Approximate>0</Approximate>
        <HistCounts>0|579|132|302|171|80|131|87|81|73|75|76|64|71|59|64|45|52|57|47|52|52|41|60|61|56|62|54|54|67|64|53|50|66|43|60|47|87|68|75|67|77|66|73|65|52|74|68|68|54|70|70|46|52|50|49|63|64|67|62|64|57|58|42|56|55|61|56|61|59|52|61|55|58|39|59|53|42|63|49|43|59|64|44|49|64|58|55|56|51|40|57|56|59|51|47|56|46|61|41|62|38|54|50|55|49|58|58|47|43|42|51|44|47|42|53|38|41|47|31|43|33|52|40|58|54|37|47|48|48|48|49|49|56|44|61|51|53|47|65|57|40|42|52|50|52|35|45|37|45|46|42|56|60|56|49|41|44|46|45|50|37|44|42|35|41|42|33|39|51|42|48|40|41|48|44|56|41|51|35|44|48|44|55|53|50|51|54|60|52|56|56|41|45|59|48|47|46|53|49|46|60|44|47|43|65|62|55|64|65|58|56|59|57|64|62|63|54|56|61|57|57|54|69|63|57|54|50|58|49|60|61|52|33|56|52|51|61|42|47|51|45|46|39|59|45|51|64|51|63|59|49|69|57|71|608</HistCounts>
      </HistItem>
    </Histograms>
    <Metadata domain="IMAGE_STRUCTURE">
      <MDI key="COMPRESSION">JPEG</MDI>
    </Metadata>
    <Metadata>
      <MDI key="SourceBandIndex">0</MDI>
      <MDI key="STATISTICS_COVARIANCES">6807.916359726964,6145.646375228422,5878.599856736169</MDI>
      <MDI key="STATISTICS_EXCLUDEDVALUES"></MDI>
      <MDI key="STATISTICS_MAXIMUM">255</MDI>
      <MDI key="STATISTICS_MEAN">120.59867340908</MDI>
      <MDI key="STATISTICS_MINIMUM">1</MDI>
      <MDI key="STATISTICS_SKIPFACTORX">1</MDI>
      <MDI key="STATISTICS_SKIPFACTORY">1</MDI>
      <MDI key="STATISTICS_STDDEV">82.510098531798</MDI>
    </Metadata>
  </PAMRasterBand>
  <PAMRasterBand band="2">
    <NoDataValue>0.00000000000000E+00</NoDataValue>
    <Histograms>
      <HistItem>
        <HistMin>-0.5</HistMin>
        <HistMax>255.5</HistMax>
        <BucketCount>256</BucketCount>
        <IncludeOutOfRange>1</IncludeOutOfRange>
        <Approximate>0</Approximate>
        <HistCounts>0|629|297|142|128|103|120|74|68|95|78|87|61|64|70|54|55|46|61|56|60|79|61|60|64|81|58|70|60|66|69|59|62|57|47|51|66|75|75|61|66|58|56|74|75|76|58|53|61|57|64|67|59|71|65|74|80|79|62|80|75|74|62|60|72|53|59|59|42|50|62|63|61|71|62|45|53|46|53|57|45|54|51|64|53|57|49|51|56|38|54|46|51|44|48|46|41|44|45|56|46|34|39|40|38|47|42|41|35|45|43|50|56|49|45|57|44|54|53|41|56|45|50|69|50|35|50|43|32|49|58|40|49|56|45|45|40|43|50|43|39|42|40|47|33|43|46|37|35|28|49|35|38|36|38|37|56|41|38|41|39|36|42|42|46|43|47|38|40|44|44|40|37|42|47|49|58|52|44|53|37|60|46|43|51|51|53|56|36|47|54|44|63|56|51|49|51|69|40|43|48|53|59|69|49|58|58|56|68|53|55|58|58|52|52|52|47|54|49|51|48|55|43|48|60|49|43|43|52|49|46|39|33|33|37|46|37|48|43|41|37|42|43|54|38|40|52|62|68|66|72|87|111|134|97|107</HistCounts>
      </HistItem>
    </Histograms>
    <Metadata domain="IMAGE_STRUCTURE">
      <MDI key="COMPRESSION">JPEG</MDI>
    </Metadata>
    <Metadata>
      <MDI key="SourceBandIndex">1</MDI>
      <MDI key="STATISTICS_COVARIANCES">6145.646375228422,6564.501909436012,5482.380914741553</MDI>
      <MDI key="STATISTICS_EXCLUDEDVALUES"></MDI>
      <MDI key="STATISTICS_MAXIMUM">255</MDI>
      <MDI key="STATISTICS_MEAN">114.23954579452</MDI>
      <MDI key="STATISTICS_MINIMUM">1</MDI>
      <MDI key="STATISTICS_SKIPFACTORX">1</MDI>
      <MDI key="STATISTICS_SKIPFACTORY">1</MDI>
      <MDI key="STATISTICS_STDDEV">81.021613841221</MDI>
    </Metadata>
  </PAMRasterBand>
  <PAMRasterBand band="3">
    <NoDataValue>0.00000000000000E+00</NoDataValue>
    <Histograms>
      <HistItem>
        <HistMin>-0.5</HistMin>
        <HistMax>255.5</HistMax>
        <BucketCount>256</BucketCount>
        <IncludeOutOfRange>1</IncludeOutOfRange>
        <Approximate>0</Approximate>
        <HistCounts>0|64|536|72|278|179|69|124|37|114|41|83|73|35|49|29|50|25|29|33|26|23|15|26|23|22|12|23|22|10|15|16|18|11|28|35|25|30|25|25|30|45|40|29|30|28|43|41|44|41|48|46|31|42|55|62|65|47|45|60|50|62|61|69|57|80|76|71|83|61|79|83|87|79|94|78|62|80|88|74|69|76|81|91|82|76|89|68|92|84|53|65|75|84|64|61|81|81|63|78|64|68|84|78|63|63|76|70|67|63|65|60|63|59|78|68|51|70|51|67|54|58|55|61|59|44|50|55|49|37|50|52|49|54|53|50|49|54|49|59|55|57|66|71|65|61|64|48|59|69|57|50|55|59|57|43|54|62|48|54|45|56|65|50|49|47|57|49|41|52|50|52|52|57|52|56|59|58|63|59|57|51|57|56|54|70|60|75|63|51|71|54|69|50|54|49|70|57|47|56|53|53|63|64|58|54|54|63|64|57|65|52|52|71|63|56|66|60|47|63|56|67|55|54|46|48|58|41|50|69|42|50|53|53|35|40|37|44|42|45|48|41|39|44|44|53|40|40|53|48|64|81|44|86|40|579</HistCounts>
      </HistItem>
    </Histograms>
    <Metadata domain="IMAGE_STRUCTURE">
      <MDI key="COMPRESSION">JPEG</MDI>
    </Metadata>
    <Metadata>
      <MDI key="SourceBandIndex">2</MDI>
      <MDI key="STATISTICS_COVARIANCES">5878.599856736169,5482.380914741553,5872.715757401153</MDI>
      <MDI key="STATISTICS_EXCLUDEDVALUES"></MDI>
      <MDI key="STATISTICS_MAXIMUM">255</MDI>
      <MDI key="STATISTICS_MEAN">127.38768654306</MDI>
      <MDI key="STATISTICS_MINIMUM">1</MDI>
      <MDI key="STATISTICS_SKIPFACTORX">1</MDI>
      <MDI key="STATISTICS_SKIPFACTORY">1</MDI>
      <MDI key="STATISTICS_STDDEV">76.633646379388</MDI>
    </Metadata>
  </PAMRasterBand>
</PAMDataset>
